username,role,content,timestamp
test1,user,hi,2025-02-09 15:41:24
test1,assistant,"Hi there! Welcome to your fitness journey. I see that you're a beginner with a goal of body recomposition. That's great! I'm here to help you achieve your goals.

Let's start by taking a closer look at your current workout plan. It seems like you're following a traditional bodybuilding split, which is a great place to start. However, since you're a beginner, I would recommend focusing on compound exercises that work multiple muscle groups at once. This will help you build a strong foundation and improve your overall fitness.

Here's a revised workout plan that I think would be a better fit for you:

**Monday:**
* Squats
* Bench press
* Rows
* Overhead press

**Tuesday:**
* Rest

**Wednesday:**
* Deadlifts
* Lunges
* Push-ups
* Bicep curls

**Thursday:**
* Rest

**Friday:**
* Rest

**Saturday:**
* Cardio (e.g., running, swimming, biking)

**Sunday:**
* Rest

This plan includes a mix of compound exercises and isolation exercises, and it targets all major muscle groups. It's also important to note that this is just a sample plan, and you may need to adjust it based on your own progress and preferences.

In addition to your workouts, it's important to focus on your nutrition. Eating a healthy diet that is high in protein and low in processed foods will help you fuel your workouts and recover properly.

I would also recommend setting realistic goals for yourself. Don't try to do too much too soon, and don't get discouraged if you don't see results immediately. Body recomposition takes time and consistency.

Finally, remember to listen to your body and take rest days when you need them. Pushing yourself too hard can lead to injury.

I hope this helps! Please let me know if you have any other questions.",2025-02-09 15:41:31
test1,user,is there any imporovemnty seen,2025-02-09 15:41:53
test1,assistant,"It's too early to tell if you've made any improvements, as you haven't recorded any workouts or progress data yet. I recommend tracking your progress regularly, so you can see how you're doing and make adjustments as needed.

Here are some things to track:

* Weight
* Body measurements
* Progress pictures
* Workout performance (e.g., weight lifted, reps completed, etc.)

Once you have some data, you can start to assess your progress. If you're seeing improvements in your strength, endurance, or body composition, then you know that your workout plan is working. If not, then you may need to make some changes.

It's important to be patient and consistent with your workouts and nutrition. Body recomposition takes time, so don't get discouraged if you don't see results immediately. Just keep at it, and you will eventually reach your goals.",2025-02-09 15:41:58
